{"stat.useItem.minecraft.bow":617,"stat.useItem.minecraft.quartz_block":1,"stat.leaveGame":16,"stat.drop.minecraft.gunpowder":1,"stat.pickup.ebwizardry.spell_book":24,"stat.killEntity.PigZombie":53,"stat.mineBlock.waymoreoresmod.adamantiumore":41,"stat.mineBlock.minecraft.web":68,"stat.pickup.minecraft.rotten_flesh":433,"stat.pickup.minecraft.brick_block":16,"stat.craftItem.minecraft.stone_axe":2,"stat.drop.minecraft.leather_boots":1,"stat.pickup.iceandfire.chared_cobblestone":7,"stat.craftItem.spartanshields.shield_basic_diamond":3,"stat.killEntity.Enderman":251,"stat.craftItem.waymoreoresmod.galliumarmorbody":1,"stat.craftItem.supertools.hammeriron":1,"stat.pickup.minecraft.leather_boots":8,"stat.useItem.supertools.hammeriron":501,"stat.pickup.minecraft.brown_mushroom":13,"stat.killEntity.Witch":1,"stat.useItem.minecraft.iron_pickaxe":228,"stat.craftItem.minecraft.wooden_pickaxe":1,"stat.mineBlock.minecraft.brick_block":16,"stat.craftItem.minecraft.bed":1,"stat.mineBlock.chisel.marble2":39,"stat.mineBlock.minecraft.vine":110,"stat.furnaceInteraction":243,"stat.useItem.minecraft.golden_carrot":1,"stat.craftItem.spartanweaponry.material":3,"stat.killEntity.ZombieVillager":8,"stat.pickup.minecraft.nether_brick":153,"stat.entityKilledBy.WitherSkeleton":3,"stat.drop.minecraft.red_flower":5,"stat.pickup.iceandfire.manuscript":1,"stat.pickup.minecraft.beef":58,"stat.pickup.spartanshields.shield_basic_diamond":2,"stat.pickup.minecraft.leather_helmet":15,"stat.pickup.mca.rose_gold_ore":12,"stat.pickup.tombstone.gift":1,"stat.pickup.minecraft.potion":3,"stat.useItem.minecraft.flint_and_steel":2,"stat.useItem.minecraft.wheat_seeds":2,"stat.killEntity.Husk":18,"stat.useItem.iceandfire.chared_dirt":9,"stat.pickup.backpack.backpack":1,"stat.pickup.minecraft.emerald":1,"stat.useItem.minecraft.beef":23,"stat.deaths":126,"stat.pickup.minecraft.egg":21,"stat.mineBlock.minecraft.stone_pressure_plate":1,"stat.useItem.minecraft.nether_brick":63,"stat.craftItem.minecraft.iron_pickaxe":10,"stat.drop.minecraft.glass_bottle":7,"stat.pickup.chisel.marble2":45,"stat.mineBlock.minecraft.tallgrass":29,"stat.craftItem.minecraft.cooked_mutton":35,"stat.pickup.minecraft.cooked_mutton":5,"stat.chestOpened":874,"stat.useItem.minecraft.stone":75,"stat.pickup.minecraft.arrow":227,"stat.pickup.minecraft.iron_sword":1,"stat.pickup.minecraft.wooden_pressure_plate":2,"stat.pickup.minecraft.gold_nugget":22,"stat.entityKilledBy.ebwizardry:remnant":1,"stat.pickup.chisel.basalt2":16,"stat.craftItem.supertools.hammerstone":4,"stat.pickup.minecraft.carrot":81,"stat.crouchOneCm":22141,"stat.mineBlock.minecraft.chest":4,"stat.craftItem.minecraft.iron_ingot":143,"stat.craftingTableInteraction":128,"stat.useItem.minecraft.reeds":18,"stat.craftItem.minecraft.wooden_sword":1,"stat.pickup.minecraft.dye":100,"stat.pickup.minecraft.planks":2,"stat.pickup.chisel.limestone2":67,"stat.pickup.minecraft.wheat_seeds":7,"stat.craftItem.waymoreoresmod.onyxaxe":1,"stat.mineBlock.minecraft.dirt":56,"stat.useItem.minecraft.bread":21,"stat.pickup.minecraft.brewing_stand":2,"stat.useItem.minecraft.cobblestone":1152,"stat.pickup.minecraft.magma":16,"stat.useItem.minecraft.gravel":2,"stat.drop.spartanweaponry.halberd_diamond":1,"stat.pickup.minecraft.iron_pickaxe":2,"stat.craftItem.minecraft.gold_ingot":8,"stat.pickup.minecraft.chicken":70,"stat.pickup.minecraft.tipped_arrow":4,"stat.craftItem.chisel.chisel_iron":1,"stat.craftItem.minecraft.bucket":1,"stat.craftItem.minecraft.planks":272,"stat.useItem.minecraft.iron_sword":494,"stat.entityKilledBy.Wolf":1,"stat.pickup.futuremc.cornflower":5,"stat.drop.futuremc.cornflower":2,"stat.pickup.minecraft.book":39,"stat.useItem.minecraft.stonebrick":79,"stat.mineBlock.minecraft.log":72,"stat.pickup.minecraft.iron_door":1,"stat.pickup.minecraft.red_flower":28,"stat.pickup.minecraft.red_nether_brick":9,"stat.pickup.minecraft.wool":27,"stat.pickup.waymoreoresmod.mythrilore":34,"stat.pickup.minecraft.trapped_chest":3,"stat.cakeSlicesEaten":12,"stat.pickup.supertools.hammeriron":1,"stat.craftItem.spartanweaponry.halberd_diamond":3,"stat.useItem.minecraft.iron_axe":8,"stat.mineBlock.minecraft.cobblestone":219,"stat.pickup.minecraft.stone_pickaxe":2,"stat.pickup.minecraft.flint":2,"stat.mineBlock.iceandfire.chared_stone":18,"stat.mineBlock.minecraft.yellow_flower":2,"stat.craftItem.tombstone.grave_key":68,"stat.pickup.minecraft.leather_chestplate":9,"stat.craftItem.minecraft.wool":2,"stat.pickup.backpack.bound_leather":14,"stat.mineBlock.waymoreoresmod.rubyore":33,"stat.pickup.minecraft.enchanted_book":33,"stat.pickup.minecraft.cooked_porkchop":7,"stat.pickup.waymoreoresmod.galliumsword":1,"stat.useItem.minecraft.obsidian":68,"stat.useItem.minecraft.cookie":1,"stat.useItem.minecraft.stone_slab2":223,"stat.pickup.minecraft.bow":19,"stat.pickup.minecraft.iron_boots":14,"stat.killEntity.Piranha":9,"stat.craftItem.minecraft.furnace":6,"stat.craftItem.backpack.bound_leather":38,"stat.pickup.minecraft.golden_axe":4,"stat.useItem.minecraft.egg":11,"stat.craftItem.minecraft.iron_boots":6,"stat.pickup.minecraft.nether_wart_block":1,"stat.craftItem.minecraft.cooked_beef":35,"stat.mineBlock.minecraft.obsidian":99,"stat.pickup.minecraft.diamond_leggings":4,"stat.useItem.minecraft.brick_block":12,"stat.flyOneCm":3278068,"stat.drop.minecraft.iron_helmet":1,"stat.mineBlock.waymoreoresmod.onyxore":53,"stat.pickup.minecraft.sandstone":44,"stat.pickup.minecraft.nether_brick_stairs":9,"stat.useItem.iceandfire.chared_stone":60,"stat.pickup.minecraft.fish":9,"stat.pickup.iceandfire.myrmex_desert_biolight":6,"stat.drop.minecraft.chainmail_chestplate":1,"stat.timeSinceDeath":3683,"stat.drop.minecraft.spider_eye":1,"stat.killEntity.Bat":1,"stat.pickup.travelersbackpack.travelers_backpack":9,"stat.pickup.minecraft.chainmail_helmet":6,"stat.drop.ebwizardry.firebomb":1,"stat.mineBlock.minecraft.enchanting_table":1,"stat.killEntity.Wolf":1,"stat.mineBlock.minecraft.coal_ore":416,"stat.killEntity.Creeper":12,"stat.pickup.minecraft.shield":22,"stat.pickup.minecraft.wooden_sword":1,"stat.pickup.minecraft.string":268,"stat.pickup.tombstone.crafting_ingredient":104,"stat.entityKilledBy.Skeleton":18,"stat.drop.minecraft.obsidian":1,"stat.sprintOneCm":3396064,"stat.killEntity.ebwizardry:evil_wizard":2,"stat.useItem.tombstone.magic_scroll":4,"stat.mineBlock.minecraft.diamond_ore":35,"stat.craftItem.waymoreoresmod.galliumingot":48,"stat.pickup.minecraft.leather_leggings":9,"stat.pickup.minecraft.spawn_egg":6,"stat.pickup.minecraft.vine":78,"stat.mineBlock.waymoreoresmod.mythrilore":32,"stat.useItem.minecraft.wooden_sword":86,"stat.pickup.ebwizardry.ruined_spell_book":12,"stat.drop.tombstone.grave_key":1,"stat.pickup.tombstone.grave_key":1,"stat.craftItem.backpack.backpack_piece":9,"stat.killEntity.Zombie":424,"stat.craftItem.minecraft.dye":2,"stat.pickup.iceandfire.chared_dirt":73,"stat.mineBlock.minecraft.gold_ore":15,"stat.diveOneCm":285766,"stat.drop.minecraft.diamond_pickaxe":1,"stat.pickup.minecraft.wheat":1,"stat.mineBlock.minecraft.mossy_cobblestone":15,"stat.craftItem.minecraft.cooked_porkchop":92,"stat.useItem.minecraft.chicken":16,"stat.craftItem.waymoreoresmod.galliumsword":1,"stat.pickup.minecraft.obsidian":109,"stat.craftItem.spartanshields.shield_basic_obsidian":1,"stat.useItem.minecraft.rotten_flesh":274,"stat.jump":21273,"stat.useItem.minecraft.sand":12,"stat.pickup.minecraft.coal":621,"stat.pickup.minecraft.iron_ingot":69,"stat.pickup.minecraft.gunpowder":32,"stat.pickup.iceandfire.chared_stone":83,"stat.craftItem.minecraft.torch":252,"stat.pickup.minecraft.dirt":89,"stat.drop.minecraft.enchanting_table":2,"stat.pickup.minecraft.gold_ore":8,"stat.mineBlock.minecraft.lapis_ore":5,"stat.pickup.minecraft.iron_axe":2,"stat.damageTaken":58954,"stat.mineBlock.minecraft.red_flower":1,"stat.mineBlock.minecraft.torch":32,"stat.pickup.minecraft.log2":3,"stat.craftItem.waymoreoresmod.onyxpickaxe":1,"stat.pickup.minecraft.bed":3,"stat.pickup.minecraft.quartz_block":3,"stat.entityKilledBy.Zombie":23,"stat.pickup.minecraft.diamond_axe":4,"stat.pickup.iceandfire.chared_grass":9,"stat.craftItem.waymoreoresmod.galliumarmorboots":3,"stat.killEntity.Silverfish":22,"stat.craftItem.minecraft.stone_slab":6,"stat.useItem.minecraft.chest":5,"stat.pickup.minecraft.diamond_pickaxe":8,"stat.craftItem.waymoreoresmod.mythrilarmorbody":1,"stat.useItem.minecraft.lava_bucket":28,"stat.useItem.tombstone.gift":2,"stat.craftItem.minecraft.iron_chestplate":3,"stat.killEntity.if_troll":1,"stat.pickup.minecraft.ender_pearl":175,"stat.useItem.supertools.hammerstone":524,"stat.killEntity.Stray":3,"stat.useItem.minecraft.netherrack":6,"stat.useItem.iceandfire.chared_grass":5,"stat.craftItem.travelersbackpack.sleeping_bag_bottom":1,"stat.mineBlock.minecraft.stonebrick":183,"stat.mineBlock.minecraft.glowstone":31,"stat.craftItem.backpack.tanned_leather":28,"stat.pickup.waymoreoresmod.galliumore":94,"stat.mobKills":1666,"stat.pickup.minecraft.diamond_boots":1,"stat.drop.tombstone.magic_scroll":1,"stat.mineBlock.minecraft.bookshelf":12,"stat.craftItem.minecraft.shears":1,"stat.useItem.minecraft.boat":2,"stat.pickup.minecraft.diamond":50,"stat.pickup.minecraft.torch":44,"stat.killEntity.ebwizardry:remnant":2,"stat.killEntity.firedragon":6,"stat.useItem.minecraft.string":3,"stat.drop.minecraft.waterlily":1,"stat.mineBlock.ebwizardry.crystal_flower":1,"stat.killEntity.Blaze":25,"stat.drop.minecraft.shield":1,"stat.useItem.minecraft.mutton":16,"stat.useItem.minecraft.planks":4,"stat.pickup.minecraft.golden_boots":2,"stat.pickup.minecraft.glowstone_dust":108,"stat.pickup.minecraft.porkchop":103,"stat.pickup.minecraft.blaze_powder":8,"stat.useItem.minecraft.water_bucket":31,"stat.mineBlock.minecraft.stone_brick_stairs":1,"stat.mineBlock.minecraft.nether_brick_fence":2,"stat.pickup.minecraft.sand":92,"stat.entityKilledBy.Spider":6,"stat.useItem.minecraft.red_nether_brick":3,"stat.killEntity.Mimic":1,"stat.pickup.ebwizardry.spectral_dust":1,"stat.useItem.minecraft.ender_pearl":40,"stat.pickup.minecraft.chainmail_chestplate":8,"stat.entityKilledBy.firedragon":19,"stat.mineBlock.minecraft.sand":44,"stat.pickup.iceandfire.ash":10,"stat.craftItem.backpack.stick":36,"stat.craftItem.spartanshields.shield_basic_wood":5,"stat.hopperInspected":6,"stat.mineBlock.waymoreoresmod.copper":36,"stat.trappedChestTriggered":3,"stat.mineBlock.waymoreoresmod.galliumore":85,"stat.mineBlock.ebwizardry.runestone":2,"stat.pickup.minecraft.furnace":7,"stat.useItem.minecraft.cooked_mutton":53,"stat.craftItem.travelersbackpack.travelers_backpack":1,"stat.pickup.minecraft.iron_chestplate":11,"stat.pickup.minecraft.skull":1,"stat.pickup.tombstone.magic_scroll":15,"stat.craftItem.waymoreoresmod.copperingot":36,"stat.pickup.minecraft.stone_stairs":9,"stat.drop.spartanshields.shield_basic_obsidian":1,"stat.pickup.minecraft.fermented_spider_eye":4,"stat.mineBlock.minecraft.soul_sand":8,"stat.mineBlock.minecraft.oak_stairs":1,"stat.playOneMinute":1491022,"stat.pickup.minecraft.blaze_rod":12,"stat.craftItem.waymoreoresmod.galliumpickaxe":1,"stat.pickup.minecraft.iron_bars":36,"stat.pickup.minecraft.netherrack":21,"stat.craftItem.waymoreoresmod.mythrilingot":33,"stat.useItem.minecraft.fish":9,"stat.mineBlock.minecraft.netherrack":31,"stat.pickup.minecraft.waterlily":4,"stat.killEntity.Anthermite":2,"stat.pickup.minecraft.brick_stairs":1,"stat.pickup.minecraft.cooked_chicken":6,"stat.pickup.waymoreoresmod.adamantiumore":41,"stat.useItem.minecraft.experience_bottle":4,"stat.fallOneCm":517273,"stat.drop.minecraft.stone":1,"stat.pickup.minecraft.melon_seeds":1,"stat.pickup.iceandfire.pixie_dust":4,"stat.craftItem.minecraft.chest":8,"stat.pickup.minecraft.red_mushroom":15,"stat.pickup.minecraft.golden_leggings":5,"stat.mineBlock.minecraft.nether_wart_block":2,"stat.useItem.waymoreoresmod.onyxsword":33,"stat.pickup.minecraft.feather":48,"stat.drop.minecraft.iron_leggings":1,"stat.drop.minecraft.bone":1,"stat.mineBlock.minecraft.red_nether_brick":90,"stat.useItem.minecraft.furnace":1,"stat.useItem.waymoreoresmod.mythrilore":1,"stat.pickup.minecraft.iron_leggings":17,"stat.mineBlock.minecraft.gravel":20,"stat.useItem.minecraft.stone_pickaxe":240,"stat.craftItem.minecraft.iron_leggings":4,"stat.useItem.minecraft.wool":1,"stat.pickup.minecraft.chainmail_boots":7,"stat.craftItem.minecraft.leather":63,"stat.drop.minecraft.stick":3,"stat.useItem.minecraft.iron_bars":7,"stat.mineBlock.minecraft.monster_egg":1,"stat.mineBlock.iceandfire.myrmex_resin":1,"stat.pickup.waymoreoresmod.aquamarine":64,"stat.useItem.minecraft.torch":447,"stat.pickup.minecraft.crafting_table":8,"stat.useItem.minecraft.log":4,"stat.craftItem.minecraft.crafting_table":5,"stat.pickup.waymoreoresmod.ruby":74,"stat.craftItem.minecraft.boat":1,"stat.mineBlock.ebwizardry.crystal_ore":27,"stat.pickup.minecraft.redstone_block":1,"stat.pickup.minecraft.log":88,"stat.pickup.minecraft.web":49,"stat.drop.backpack.backpack":1,"stat.pickup.minecraft.chainmail_leggings":9,"stat.pickup.minecraft.sapling":9,"stat.entityKilledBy.Enderman":2,"stat.drop.minecraft.bow":2,"stat.pickup.minecraft.beetroot":1,"stat.mineBlock.iceandfire.goldpile":1,"stat.pickup.minecraft.diamond_helmet":6,"stat.killEntity.WitherSkeleton":21,"stat.pickup.minecraft.golden_sword":2,"stat.craftItem.minecraft.cooked_chicken":53,"stat.pickup.iceandfire.pixie_house":5,"stat.sneakTime":9119,"stat.entityKilledBy.Blaze":1,"stat.pickup.waymoreoresmod.vibraniumore":60,"stat.useItem.minecraft.baked_potato":2,"stat.pickup.minecraft.yellow_flower":2,"stat.pickup.minecraft.chest":4,"stat.craftItem.minecraft.enchanting_table":1,"stat.craftItem.minecraft.diamond_chestplate":1,"stat.useItem.spartanweaponry.halberd_diamond":2602,"stat.pickup.minecraft.bone":294,"stat.useItem.minecraft.mushroom_stew":2,"stat.drop.waymoreoresmod.galliumsword":1,"stat.useItem.minecraft.log2":1,"stat.craftItem.waymoreoresmod.adamantiumingot":22,"stat.craftItem.minecraft.diamond_helmet":3,"stat.swimOneCm":366351,"stat.climbOneCm":44898,"stat.useItem.waymoreoresmod.galliumsword":474,"stat.useItem.minecraft.dirt":26,"stat.pickup.minecraft.golden_helmet":2,"stat.entityKilledBy.Endermite":1,"stat.useItem.minecraft.red_flower":1,"stat.pickup.minecraft.enchanting_table":1,"stat.pickup.minecraft.anvil":1,"stat.useItem.minecraft.iron_ore":5,"stat.drop.minecraft.ender_pearl":2,"stat.craftItem.minecraft.stone_pickaxe":33,"stat.mineBlock.minecraft.magma":27,"stat.pickup.minecraft.cobblestone":4792,"stat.mineBlock.minecraft.redstone_block":2,"stat.mineBlock.chisel.limestone2":58,"stat.pickup.minecraft.glass_bottle":1,"stat.pickup.minecraft.soul_sand":3,"stat.useItem.chisel.limestone2":5,"stat.drop.minecraft.wheat_seeds":1,"stat.useItem.minecraft.cooked_beef":44,"stat.pickup.waymoreoresmod.onyx":55,"stat.pickup.minecraft.redstone":14,"stat.mineBlock.minecraft.iron_ore":221,"stat.pickup.minecraft.mutton":51,"stat.pickup.minecraft.mossy_cobblestone":8,"stat.mineBlock.minecraft.coal_block":2,"stat.pickup.minecraft.stonebrick":138,"stat.pickup.ebwizardry.magic_crystal":53,"stat.useItem.minecraft.cooked_porkchop":95,"stat.pickup.minecraft.iron_shovel":2,"stat.pickup.minecraft.carpet":5,"stat.pickup.minecraft.diamond_shovel":2,"stat.mineBlock.minecraft.nether_brick":210,"stat.pickup.ebwizardry.smoke_bomb":1,"stat.useItem.waymoreoresmod.galliumore":1,"stat.craftItem.minecraft.stone_slab2":0,"stat.useItem.minecraft.golden_axe":17,"stat.craftItem.waymoreoresmod.onyxsword":1,"stat.pickup.minecraft.paper":4,"stat.craftItem.minecraft.stick":164,"stat.drop.minecraft.potion":1,"stat.mineBlock.waymoreoresmod.aquamarineore":28,"stat.mineBlock.minecraft.crafting_table":7,"stat.useItem.minecraft.diamond_pickaxe":2650,"stat.mineBlock.minecraft.quartz_block":2,"stat.useItem.minecraft.carrot":74,"stat.killEntity.Endermite":2,"stat.pickup.minecraft.diamond_chestplate":3,"stat.useItem.minecraft.bucket":42,"stat.entityKilledBy.Creeper":1,"stat.craftItem.waymoreoresmod.galliumarmorlegs":2,"stat.mineBlock.minecraft.planks":1,"stat.drop":61,"stat.craftItem.spartanshields.shield_basic_stone":1,"stat.killEntity.Sheep":25,"stat.pickup.minecraft.slime_ball":12,"stat.pickup.minecraft.golden_chestplate":2,"stat.craftItem.backpack.backpack":3,"stat.craftItem.backpack.backpack_frame":9,"stat.drop.waymoreoresmod.onyxsword":1,"stat.pickup.minecraft.gravel":27,"stat.mineBlock.minecraft.anvil":1,"stat.useItem.minecraft.diamond_axe":995,"stat.useItem.minecraft.apple":12,"stat.useItem.minecraft.porkchop":11,"stat.useItem.minecraft.carpet":1,"stat.useItem.minecraft.potion":10,"stat.pickup.minecraft.stone_brick_stairs":1,"stat.drop.minecraft.cooked_porkchop":8,"stat.craftItem.travelersbackpack.backpack_tank":4,"stat.pickup.minecraft.fence":1,"stat.pickup.minecraft.iron_helmet":9,"stat.useItem.minecraft.stone_axe":169,"stat.pickup.minecraft.spider_eye":56,"stat.craftItem.minecraft.iron_helmet":5,"stat.craftItem.waymoreoresmod.galliumarmorhelmet":2,"stat.useItem.minecraft.cooked_chicken":29,"stat.pickup.minecraft.iron_ore":206,"stat.mineBlock.mca.rose_gold_ore":16,"stat.boatOneCm":76458,"stat.mineBlock.minecraft.iron_bars":38,"stat.craftItem.minecraft.flint_and_steel":1,"stat.pickup.minecraft.leaves":2,"stat.mineBlock.minecraft.stone_stairs":14,"stat.pickup.waymoreoresmod.copper":36,"stat.pickup.minecraft.leather":33,"stat.mineBlock.iceandfire.pixie_house":10,"stat.mineBlock.minecraft.furnace":6,"stat.useItem.minecraft.wooden_pickaxe":61,"stat.mineBlock.iceandfire.chared_cobblestone":27,"stat.pickup.minecraft.reeds":64,"stat.killEntity.CaveSpider":19,"tombstone:undead_killed":708,"stat.useItem.tombstone.grave_key":63,"stat.useItem.minecraft.magma":12,"stat.pickup.minecraft.oak_stairs":3,"stat.damageDealt":309017,"stat.craftItem.minecraft.glass":37,"stat.drop.minecraft.cooked_chicken":2,"stat.sleepInBed":18,"stat.mineBlock.minecraft.nether_brick_stairs":14,"stat.killEntity.if_pixie":5,"stat.killEntity.Cow":28,"stat.killEntity.Pig":52,"stat.pickup.minecraft.boat":3,"stat.walkOneCm":3206423,"stat.pickup.minecraft.stick":71,"stat.pickup.minecraft.clay_ball":3,"stat.mineBlock.chisel.basalt2":112,"stat.craftItem.minecraft.diamond_boots":2,"stat.entityKilledBy.ebwizardry:ice_wraith":1,"stat.pickup.minecraft.stone":1153,"stat.pickup.minecraft.gold_ingot":1,"stat.killEntity.Skeleton":159,"stat.killEntity.Chicken":64,"stat.drop.minecraft.fermented_spider_eye":1,"stat.killEntity.Spider":188,"stat.mineBlock.minecraft.quartz_ore":18,"stat.pickup.ebwizardry.runestone":1,"stat.mineBlock.waymoreoresmod.vibraniumore":47,"stat.pickup.minecraft.quartz":124,"stat.useItem.minecraft.golden_apple":1,"stat.pickup.minecraft.golden_shovel":3,"stat.mineBlock.minecraft.leaves":92,"stat.pickup.minecraft.spruce_stairs":2,"stat.mineBlock.minecraft.redstone_ore":29,"stat.pickup.spartanweaponry.halberd_diamond":2,"stat.pickup.minecraft.lava_bucket":1,"stat.mineBlock.minecraft.stone":9218}