{"stat.useItem.minecraft.bow":659,"stat.useItem.minecraft.quartz_block":7,"stat.pickup.minecraft.wooden_slab":2,"stat.mineBlock.iceandfire.chared_grass":1,"stat.leaveGame":15,"stat.pickup.ebwizardry.spell_book":9,"stat.killEntity.PigZombie":6,"stat.drop.minecraft.enchanted_book":2,"stat.mineBlock.waymoreoresmod.adamantiumore":67,"stat.mineBlock.minecraft.web":91,"stat.pickup.minecraft.rotten_flesh":465,"stat.pickup.minecraft.brick_block":2,"stat.craftItem.minecraft.stone_axe":1,"stat.pickup.iceandfire.witherbone":1,"stat.pickup.iceandfire.chared_cobblestone":27,"stat.killEntity.Enderman":114,"stat.craftItem.supertools.hammeriron":9,"stat.mineBlock.minecraft.wooden_slab":2,"stat.pickup.minecraft.leather_boots":9,"stat.useItem.supertools.hammeriron":3117,"stat.pickup.minecraft.brown_mushroom":8,"stat.killEntity.Witch":1,"stat.pickup.minecraft.mob_spawner":23,"stat.useItem.minecraft.iron_pickaxe":101,"stat.craftItem.minecraft.wooden_pickaxe":2,"stat.drop.minecraft.cooked_mutton":5,"stat.pickup.minecraft.double_plant":1,"stat.craftItem.minecraft.bed":1,"stat.mineBlock.minecraft.hopper":23,"stat.mineBlock.minecraft.vine":71,"stat.mineBlock.chisel.marble2":43,"stat.mineBlock.minecraft.sticky_piston":1,"stat.furnaceInteraction":203,"stat.craftItem.spartanweaponry.material":4,"stat.killEntity.ZombieVillager":19,"stat.pickup.minecraft.nether_brick":144,"stat.pickup.iceandfire.manuscript":9,"stat.pickup.minecraft.beef":14,"stat.pickup.minecraft.leather_helmet":10,"stat.pickup.mca.rose_gold_ore":64,"stat.pickup.minecraft.potion":1,"stat.killEntity.Husk":16,"stat.pickup.backpack.backpack":1,"stat.pickup.minecraft.emerald":11,"stat.useItem.minecraft.dye":684,"stat.useItem.minecraft.beef":7,"stat.deaths":68,"stat.pickup.minecraft.egg":15,"stat.mineBlock.minecraft.stone_pressure_plate":1,"stat.useItem.minecraft.nether_brick":43,"stat.craftItem.minecraft.iron_pickaxe":81,"stat.drop.minecraft.torch":10,"stat.pickup.chisel.marble2":38,"stat.mineBlock.minecraft.tallgrass":70,"stat.craftItem.minecraft.cooked_mutton":7,"stat.chestOpened":781,"stat.craftItem.waymoreoresmod.invararmorboots":1,"stat.useItem.minecraft.stone":79,"stat.pickup.minecraft.arrow":194,"stat.pickup.minecraft.iron_sword":3,"stat.craftItem.iceandfire.dragonarmor_iron":1,"stat.pickup.minecraft.gold_nugget":1102,"stat.craftItem.minecraft.coal":181,"stat.pickup.chisel.basalt2":20,"stat.pickup.minecraft.carrot":1000,"stat.crouchOneCm":34089,"stat.mineBlock.minecraft.chest":48,"stat.pickup.minecraft.rail":14,"stat.craftItem.minecraft.iron_ingot":301,"stat.craftingTableInteraction":135,"stat.pickup.iceandfire.silver_ore":1,"stat.pickup.minecraft.wooden_pickaxe":2,"stat.mineBlock.minecraft.log2":25,"stat.useItem.minecraft.reeds":2,"stat.pickup.minecraft.dye":179,"stat.pickup.minecraft.planks":123,"stat.pickup.chisel.limestone2":34,"stat.pickup.minecraft.wheat_seeds":49,"stat.mineBlock.minecraft.dirt":65,"stat.useItem.minecraft.bread":14,"stat.mineBlock.iceandfire.silver_ore":3,"stat.useItem.minecraft.cobblestone":1950,"stat.pickup.minecraft.magma":1,"stat.useItem.minecraft.gravel":6,"stat.mineBlock.minecraft.double_plant":2,"stat.pickup.iceandfire.weezer_blue_album":1,"stat.drop.spartanweaponry.halberd_diamond":2,"stat.drop.minecraft.chicken":6,"stat.pickup.minecraft.iron_pickaxe":3,"stat.drop.minecraft.carrot":60,"stat.craftItem.minecraft.gold_ingot":165,"stat.pickup.minecraft.hopper":23,"stat.pickup.minecraft.chicken":39,"stat.pickup.minecraft.tipped_arrow":1,"stat.pickup.minecraft.apple":6,"stat.pickup.minecraft.coal_block":19,"stat.craftItem.minecraft.bucket":2,"stat.craftItem.minecraft.planks":892,"stat.useItem.minecraft.iron_sword":2243,"stat.itemEnchanted":2,"stat.pickup.minecraft.stone_sword":2,"stat.pickup.minecraft.book":39,"stat.useItem.minecraft.stonebrick":57,"stat.mineBlock.minecraft.log":414,"stat.craftItem.minecraft.paper":39,"stat.pickup.minecraft.red_flower":34,"stat.pickup.minecraft.red_nether_brick":7,"stat.pickup.minecraft.wool":26,"stat.pickup.waymoreoresmod.mythrilore":164,"stat.cakeSlicesEaten":14,"stat.pickup.supertools.hammeriron":1,"stat.useItem.minecraft.iron_axe":974,"stat.mineBlock.minecraft.cobblestone":363,"stat.pickup.minecraft.stone_pickaxe":1,"stat.pickup.minecraft.flint":4,"stat.mineBlock.minecraft.yellow_flower":3,"stat.mineBlock.iceandfire.chared_stone":22,"stat.craftItem.tombstone.grave_key":37,"stat.pickup.minecraft.leather_chestplate":8,"stat.pickup.minecraft.flower_pot":2,"stat.craftItem.minecraft.wool":6,"stat.mineBlock.waymoreoresmod.rubyore":36,"stat.craftItem.waymoreoresmod.invaringot":26,"stat.pickup.minecraft.enchanted_book":31,"stat.drop.minecraft.cobblestone":3,"stat.pickup.minecraft.cooked_porkchop":21,"stat.pickup.minecraft.sticky_piston":1,"stat.useItem.minecraft.cookie":1,"stat.useItem.minecraft.stone_slab2":245,"stat.useItem.minecraft.mob_spawner":17,"stat.pickup.minecraft.bow":12,"stat.pickup.minecraft.iron_boots":10,"stat.killEntity.Piranha":4,"stat.drop.spartanshields.shield_basic_stone":1,"stat.craftItem.minecraft.furnace":7,"stat.craftItem.backpack.bound_leather":6,"stat.useItem.minecraft.egg":3,"stat.pickup.minecraft.nether_wart_block":5,"stat.pickup.iceandfire.chain_link":11,"stat.craftItem.minecraft.cooked_beef":7,"stat.mineBlock.minecraft.obsidian":15,"stat.pickup.minecraft.diamond_leggings":7,"stat.flyOneCm":1030328,"stat.mineBlock.waymoreoresmod.onyxore":68,"stat.pickup.minecraft.nether_brick_stairs":4,"stat.useItem.iceandfire.chared_stone":6,"stat.pickup.minecraft.fish":11,"stat.timeSinceDeath":36610,"stat.pickup.ebwizardry.arcane_workbench":1,"stat.craftItem.minecraft.iron_block":70,"stat.craftItem.ebwizardry.magic_crystal":8,"stat.killEntity.Bat":2,"stat.pickup.travelersbackpack.travelers_backpack":27,"stat.useItem.minecraft.potato":4,"stat.pickup.minecraft.chainmail_helmet":6,"stat.pickup.minecraft.nether_wart":40,"stat.pickup.ebwizardry.firebomb":2,"stat.mineBlock.minecraft.enchanting_table":2,"stat.mineBlock.minecraft.coal_ore":519,"stat.pickup.minecraft.shield":16,"stat.killEntity.Creeper":27,"stat.drop.minecraft.spawn_egg":2,"stat.pickup.minecraft.string":315,"stat.pickup.waymoreoresmod.invarore":39,"stat.pickup.tombstone.crafting_ingredient":106,"stat.entityKilledBy.Skeleton":5,"stat.sprintOneCm":3114299,"stat.mineBlock.minecraft.stone_slab":18,"stat.killEntity.ebwizardry:evil_wizard":1,"stat.mineBlock.minecraft.diamond_ore":89,"stat.craftItem.waymoreoresmod.galliumingot":16,"stat.pickup.minecraft.leather_leggings":14,"stat.pickup.minecraft.spawn_egg":237,"stat.mineBlock.waymoreoresmod.mythrilore":195,"stat.pickup.ebwizardry.ruined_spell_book":17,"stat.drop.tombstone.grave_key":1,"stat.pickup.tombstone.grave_key":1,"stat.craftItem.backpack.backpack_piece":1,"stat.killEntity.Zombie":474,"stat.craftItem.minecraft.dye":767,"stat.craftItem.waymoreoresmod.invararmorlegs":1,"stat.pickup.iceandfire.chared_dirt":1,"stat.pickup.waymoreoresmod.galliumingot":3,"stat.mineBlock.minecraft.gold_ore":172,"stat.diveOneCm":294086,"stat.drop.minecraft.diamond_pickaxe":1,"stat.pickup.minecraft.wheat":8,"stat.mineBlock.minecraft.mossy_cobblestone":3,"stat.craftItem.minecraft.cooked_porkchop":18,"stat.useItem.minecraft.chicken":7,"stat.drop.minecraft.golden_shovel":1,"stat.pickup.waymoreoresmod.galliumarmorbody":1,"stat.pickup.minecraft.obsidian":27,"stat.craftItem.spartanshields.shield_basic_obsidian":1,"stat.useItem.minecraft.rotten_flesh":102,"stat.jump":11136,"stat.pickup.minecraft.coal":835,"stat.pickup.minecraft.iron_ingot":125,"stat.pickup.minecraft.gunpowder":18,"stat.pickup.iceandfire.chared_stone":35,"stat.craftItem.minecraft.torch":1240,"stat.pickup.minecraft.dirt":120,"stat.pickup.minecraft.stone_shovel":2,"stat.useItem.minecraft.sapling":13,"stat.pickup.minecraft.gold_ore":166,"stat.mineBlock.minecraft.lapis_ore":38,"stat.pickup.minecraft.iron_axe":2,"stat.pickup.waymoreoresmod.onyxsword":1,"stat.damageTaken":36197,"stat.pickup.ebwizardry.scroll":3,"stat.mineBlock.minecraft.torch":83,"stat.mineBlock.minecraft.red_flower":7,"stat.mineBlock.minecraft.sapling":1,"stat.pickup.ebwizardry.crystal_flower":5,"stat.pickup.minecraft.log2":22,"stat.pickup.minecraft.bed":10,"stat.pickup.minecraft.quartz_block":12,"stat.pickup.minecraft.potato":6,"stat.entityKilledBy.Zombie":24,"stat.pickup.minecraft.diamond_axe":6,"stat.pickup.iceandfire.chared_grass":1,"stat.killEntity.Silverfish":84,"stat.craftItem.minecraft.stone_slab":6,"stat.animalsBred":5,"stat.useItem.minecraft.chest":31,"stat.pickup.minecraft.diamond_pickaxe":7,"stat.craftItem.waymoreoresmod.invararmorhelmet":1,"stat.useItem.tombstone.gift":3,"stat.craftItem.minecraft.iron_chestplate":1,"stat.killEntity.if_troll":1,"stat.pickup.minecraft.ender_pearl":93,"stat.pickup.tombstone.familiar_receptacle":1,"stat.killEntity.Stray":6,"stat.craftItem.travelersbackpack.sleeping_bag_bottom":2,"stat.craftItem.minecraft.bookshelf":22,"stat.useItem.waymoreoresmod.invarsword":112,"stat.mineBlock.minecraft.stonebrick":112,"stat.pickup.waymoreoresmod.galliumore":79,"stat.mobKills":1678,"stat.pickup.minecraft.diamond_boots":5,"stat.mineBlock.minecraft.bookshelf":16,"stat.drop.tombstone.magic_scroll":2,"stat.useItem.minecraft.boat":9,"stat.pickup.minecraft.diamond":91,"stat.pickup.minecraft.beetroot_seeds":42,"stat.pickup.minecraft.torch":205,"stat.killEntity.ebwizardry:remnant":3,"stat.killEntity.firedragon":1,"stat.drop.minecraft.mutton":28,"stat.mineBlock.ebwizardry.crystal_flower":5,"stat.useItem.minecraft.bookshelf":18,"stat.killEntity.Blaze":30,"stat.useItem.minecraft.mutton":14,"stat.pickup.spawnermod.spawner_key":1,"stat.useItem.minecraft.planks":281,"stat.pickup.minecraft.golden_boots":4,"stat.pickup.minecraft.porkchop":25,"stat.pickup.minecraft.glass":16,"stat.useItem.minecraft.water_bucket":201,"stat.mineBlock.minecraft.stone_brick_stairs":11,"stat.pickup.minecraft.sand":25,"stat.craftItem.minecraft.golden_apple":2,"stat.entityKilledBy.Spider":1,"stat.killEntity.Mimic":6,"stat.craftItem.minecraft.stone_sword":1,"stat.pickup.ebwizardry.spectral_dust":2,"stat.useItem.minecraft.ender_pearl":29,"stat.pickup.minecraft.chainmail_chestplate":5,"stat.entityKilledBy.firedragon":7,"stat.mineBlock.minecraft.sand":23,"stat.pickup.spartanshields.shield_basic_stone":1,"stat.mineBlock.waymoreoresmod.invarore":35,"stat.craftItem.backpack.stick":6,"stat.craftItem.spartanshields.shield_basic_wood":5,"stat.hopperInspected":54,"stat.useItem.minecraft.spawn_egg":241,"stat.mineBlock.waymoreoresmod.copper":6,"stat.pickup.minecraft.ghast_tear":5,"stat.useItem.minecraft.oak_stairs":1,"stat.mineBlock.waymoreoresmod.galliumore":50,"stat.drop.minecraft.stone_slab":2,"stat.mineBlock.ebwizardry.runestone":2,"stat.pickup.minecraft.furnace":25,"stat.useItem.minecraft.cooked_mutton":1,"stat.craftItem.travelersbackpack.travelers_backpack":2,"stat.pickup.minecraft.iron_chestplate":10,"stat.pickup.minecraft.skull":1,"stat.pickup.tombstone.magic_scroll":20,"stat.pickup.minecraft.stone_stairs":9,"stat.pickup.minecraft.pumpkin_seeds":4,"stat.useItem.minecraft.hopper":15,"stat.mineBlock.minecraft.soul_sand":10,"stat.mineBlock.minecraft.oak_stairs":2,"stat.pickup.spartanshields.shield_basic_obsidian":2,"stat.playOneMinute":1574275,"stat.pickup.minecraft.blaze_rod":8,"stat.drop.minecraft.string":24,"stat.pickup.minecraft.diamond_block":1,"stat.craftItem.minecraft.diamond_block":4,"stat.pickup.minecraft.iron_bars":50,"stat.pickup.minecraft.netherrack":15,"stat.useItem.minecraft.fish":4,"stat.mineBlock.minecraft.netherrack":18,"stat.pickup.minecraft.waterlily":6,"stat.mineBlock.minecraft.gold_block":2,"stat.craftItem.minecraft.iron_hoe":1,"stat.useItem.minecraft.experience_bottle":12,"stat.pickup.waymoreoresmod.adamantiumore":60,"stat.fallOneCm":255740,"stat.mineBlock.ebwizardry.receptacle":1,"stat.drop.minecraft.dye":20,"stat.craftItem.minecraft.chest":16,"stat.drop.minecraft.book":1,"stat.pickup.minecraft.red_mushroom":15,"stat.pickup.minecraft.golden_leggings":1,"stat.useItem.minecraft.iron_hoe":24,"stat.mineBlock.minecraft.nether_wart_block":4,"stat.useItem.waymoreoresmod.onyxsword":116,"stat.pickup.minecraft.feather":31,"stat.mineBlock.minecraft.red_nether_brick":6,"stat.useItem.minecraft.furnace":12,"stat.pickup.minecraft.iron_leggings":17,"stat.mineBlock.minecraft.gravel":35,"stat.useItem.minecraft.stone_pickaxe":125,"stat.useItem.minecraft.stone_sword":114,"stat.pickup.minecraft.chainmail_boots":8,"stat.craftItem.waymoreoresmod.invararmorbody":1,"stat.craftItem.minecraft.leather":264,"stat.useItem.minecraft.iron_bars":2,"stat.pickup.waymoreoresmod.aquamarine":118,"stat.useItem.minecraft.torch":1510,"stat.pickup.minecraft.golden_apple":1,"stat.drop.tombstone.crafting_ingredient":1,"stat.useItem.minecraft.log":2,"stat.pickup.minecraft.crafting_table":26,"stat.craftItem.minecraft.crafting_table":9,"stat.craftItem.minecraft.boat":2,"stat.pickup.waymoreoresmod.ruby":62,"stat.mineBlock.ebwizardry.crystal_ore":97,"stat.mineBlock.minecraft.emerald_ore":5,"stat.pickup.minecraft.redstone_block":4,"stat.pickup.minecraft.log":423,"stat.useItem.minecraft.cooked_fish":9,"stat.pickup.minecraft.web":43,"stat.drop.supertools.hammeriron":1,"stat.pickup.minecraft.chainmail_leggings":6,"stat.pickup.minecraft.sapling":48,"stat.entityKilledBy.Enderman":2,"stat.craftItem.waymoreoresmod.invarsword":1,"stat.pickup.minecraft.beetroot":9,"stat.mineBlock.iceandfire.goldpile":200,"stat.pickup.minecraft.diamond_helmet":8,"stat.killEntity.WitherSkeleton":56,"stat.pickup.ebwizardry.receptacle":2,"stat.pickup.minecraft.golden_sword":1,"stat.craftItem.minecraft.cooked_chicken":24,"stat.pickup.iceandfire.pixie_house":4,"stat.sneakTime":12164,"stat.craftItem.spawnermod.spawner_key":1,"stat.entityKilledBy.Blaze":1,"stat.pickup.waymoreoresmod.vibraniumore":11,"stat.pickup.minecraft.stone_slab":18,"stat.pickup.minecraft.yellow_flower":2,"stat.mineBlock.minecraft.jukebox":1,"stat.useItem.minecraft.beetroot":3,"stat.pickup.minecraft.chest":46,"stat.useItem.minecraft.web":42,"stat.useItem.spartanweaponry.halberd_diamond":2612,"stat.pickup.minecraft.bone":469,"stat.pickup.minecraft.redstone_torch":1,"stat.mineBlock.minecraft.brown_mushroom":2,"stat.craftItem.minecraft.diamond_helmet":1,"stat.useItem.spartanweaponry.greatsword_iron":254,"stat.swimOneCm":481462,"stat.mineBlock.minecraft.diamond_block":1,"stat.climbOneCm":87298,"stat.craftItem.minecraft.gold_block":41,"stat.useItem.minecraft.dirt":17,"stat.pickup.minecraft.golden_helmet":3,"stat.pickup.minecraft.enchanting_table":2,"stat.craftItem.spartanshields.shield_basic_iron":3,"stat.pickup.minecraft.anvil":13,"stat.useItem.minecraft.golden_pickaxe":47,"stat.drop.minecraft.ender_pearl":5,"stat.craftItem.minecraft.stone_pickaxe":1,"stat.mineBlock.minecraft.magma":3,"stat.pickup.minecraft.cobblestone":13285,"stat.mineBlock.minecraft.carpet":1,"stat.pickup.minecraft.gold_block":2,"stat.mineBlock.minecraft.redstone_block":2,"stat.mineBlock.chisel.limestone2":35,"stat.pickup.minecraft.soul_sand":11,"stat.pickup.minecraft.glass_bottle":1,"stat.useItem.minecraft.cooked_beef":9,"stat.pickup.minecraft.golden_pickaxe":2,"stat.pickup.waymoreoresmod.onyx":62,"stat.pickup.minecraft.redstone":677,"stat.mineBlock.minecraft.iron_ore":790,"stat.craftItem.minecraft.book":17,"stat.pickup.minecraft.mutton":59,"stat.pickup.minecraft.mossy_cobblestone":10,"stat.mineBlock.ebwizardry.arcane_workbench":1,"stat.mineBlock.minecraft.coal_block":21,"stat.pickup.minecraft.stonebrick":110,"stat.useItem.minecraft.cooked_porkchop":24,"stat.pickup.ebwizardry.magic_crystal":195,"stat.pickup.minecraft.carpet":24,"stat.mineBlock.minecraft.nether_brick":143,"stat.pickup.waymoreoresmod.invaringot":3,"stat.craftItem.minecraft.stick":552,"stat.mineBlock.waymoreoresmod.aquamarineore":50,"stat.useItem.minecraft.stone_slab":17,"stat.craftItem.minecraft.stone":2,"stat.pickup.minecraft.grass":1,"stat.mineBlock.minecraft.crafting_table":25,"stat.useItem.minecraft.diamond_pickaxe":1608,"stat.mineBlock.minecraft.quartz_block":31,"stat.useItem.minecraft.carrot":773,"stat.killEntity.Endermite":20,"stat.pickup.minecraft.diamond_chestplate":8,"stat.useItem.minecraft.bucket":205,"stat.entityKilledBy.Creeper":2,"stat.killEntity.ebwizardry:wizard":1,"stat.mineBlock.minecraft.planks":75,"stat.drop":185,"stat.craftItem.spartanshields.shield_basic_stone":1,"stat.killEntity.Sheep":23,"stat.useItem.iceandfire.chared_cobblestone":9,"stat.pickup.minecraft.slime_ball":15,"stat.drop.minecraft.redstone_block":1,"stat.pickup.minecraft.golden_chestplate":8,"stat.craftItem.minecraft.diamond_pickaxe":1,"stat.craftItem.spartanweaponry.greatsword_iron":1,"stat.craftItem.backpack.backpack_frame":1,"stat.drop.minecraft.wooden_pickaxe":1,"stat.pickup.minecraft.gravel":37,"stat.mineBlock.minecraft.anvil":13,"stat.useItem.minecraft.apple":3,"stat.useItem.minecraft.potion":8,"stat.pickup.minecraft.stone_brick_stairs":6,"stat.craftItem.travelersbackpack.backpack_tank":4,"stat.pickup.minecraft.fence":1,"stat.pickup.minecraft.iron_helmet":21,"stat.useItem.minecraft.stone_axe":65,"stat.pickup.minecraft.spider_eye":76,"stat.craftItem.minecraft.iron_helmet":1,"stat.useItem.minecraft.cooked_chicken":20,"stat.pickup.minecraft.iron_ore":907,"stat.mineBlock.mca.rose_gold_ore":74,"stat.boatOneCm":469131,"stat.mineBlock.minecraft.iron_bars":49,"stat.mineBlock.minecraft.stone_stairs":3,"stat.pickup.waymoreoresmod.copper":4,"stat.pickup.minecraft.leather":17,"stat.mineBlock.minecraft.furnace":26,"stat.useItem.minecraft.wooden_pickaxe":19,"stat.dispenserInspected":3,"stat.mineBlock.iceandfire.chared_cobblestone":23,"stat.pickup.minecraft.reeds":46,"stat.killEntity.CaveSpider":41,"tombstone:undead_killed":980,"stat.useItem.tombstone.grave_key":39,"stat.pickup.minecraft.oak_stairs":4,"stat.damageDealt":250664,"stat.craftItem.minecraft.glass":22,"stat.drop.minecraft.cooked_chicken":4,"stat.sleepInBed":25,"stat.craftItem.minecraft.anvil":1,"stat.mineBlock.minecraft.nether_brick_stairs":9,"stat.killEntity.Cow":8,"stat.killEntity.Pig":13,"stat.mineBlock.iceandfire.chared_dirt":1,"stat.pickup.minecraft.boat":8,"stat.walkOneCm":5692941,"stat.playerKills":2,"stat.pickup.minecraft.stick":25,"stat.pickup.minecraft.clay_ball":1,"stat.mineBlock.chisel.basalt2":45,"stat.pickup.minecraft.stone":2571,"stat.pickup.minecraft.gold_ingot":39,"stat.killEntity.Skeleton":388,"stat.killEntity.Chicken":38,"stat.mineBlock.minecraft.redstone_torch":1,"stat.killEntity.Spider":134,"stat.mineBlock.minecraft.quartz_ore":18,"stat.pickup.minecraft.bread":1,"stat.drop.minecraft.nether_wart_block":1,"stat.pickup.ebwizardry.runestone":1,"stat.mineBlock.waymoreoresmod.vibraniumore":22,"stat.pickup.minecraft.quartz":50,"stat.entityKilledBy.Husk":1,"stat.pickup.minecraft.golden_shovel":2,"stat.mineBlock.minecraft.leaves":195,"stat.mineBlock.minecraft.redstone_ore":194,"stat.pickup.spartanweaponry.halberd_diamond":4,"stat.mineBlock.minecraft.stone":23820}